model,checkpoint,group,elements,exact_changed_percent,reference_l2,delta_l2,relative_l2_percent,cosine,norm_ratio,mean_abs_delta,rms_delta,max_abs_delta,share_of_total_squared_delta_percent
DINOv2,teacher_training_75712.pth,cls_token,768,100.0,0.39973614505004973,0.09356902027373656,23.407695659350765,0.985260559459414,1.1450428852478334,0.002256336750758573,0.00337638119017821,0.017711952328681946,8.298287370118421e-05
DINOv2,teacher_training_75712.pth,pos_embed,1052160,100.0,9.681227938026321,5.094423203041649,52.62166365313604,0.8953251268562586,1.175523326962101,0.0039157799909821135,0.004966542156618602,0.032582235522568226,0.24598824021237226
DINOv2,teacher_training_75712.pth,mask_token,768,100.0,0.0,0.4727602667589557,,,,0.01101622100796836,0.017059266704715147,0.09281038492918015,0.002118391592481193
DINOv2,teacher_training_75712.pth,patch_embed,452352,99.99977893322014,5.516757698006516,0.21733712516298787,3.9395807657371424,0.9992239000753153,0.9985665244597451,0.00022669192663245287,0.00032314367570904185,0.00539553165435791,0.00044770520374906407
DINOv2,teacher_training_75712.pth,blocks.0,7089408,100.0,104.84778839246103,14.531875651519,13.859973466606663,0.9904004545439692,1.0005467253074054,0.00420395361864975,0.005457788318720153,0.14080476760864258,2.0015555695594807
DINOv2,teacher_training_75712.pth,blocks.1,7089408,100.0,108.62643034101791,16.393358245125928,15.091500469693434,0.9886349546134936,1.0018414729396956,0.004762713953763474,0.006156911969274293,0.11803394556045532,2.5471831043564515
DINOv2,teacher_training_75712.pth,blocks.2,7089408,100.0,95.48526860619273,17.18418264106333,17.996684611042546,0.983966405288084,1.0080070465958302,0.005056785214528132,0.006453924705538307,0.13516229391098022,2.7988657386529554
DINOv2,teacher_training_75712.pth,blocks.3,7089408,100.0,378.15976373947035,20.465839930654596,5.411955975505196,0.9985373958173548,1.0009576424546578,0.0060211317250864205,0.007686428427059065,0.20079052448272705,3.9699355127460123
DINOv2,teacher_training_75712.pth,blocks.4,7089408,100.0,91.54464906170543,22.824927813608895,24.933109742136665,0.9698572728962538,1.0226694488701873,0.006759496038548488,0.008572439469210831,0.23917031288146973,4.937909561104136
DINOv2,teacher_training_75712.pth,blocks.5,7089408,100.0,93.1157115746444,26.03428038530423,27.959062917576865,0.9623700264414419,1.0281498692187228,0.0077217134391706285,0.00977778745019375,0.3558730185031891,6.424146876059916
DINOv2,teacher_training_75712.pth,blocks.6,7089408,100.0,101.5817760516398,28.839330532700384,28.390260195923045,0.9611324902298545,1.027286486138358,0.008561062298670164,0.010831290129063888,0.3429543972015381,7.8830567896255745
DINOv2,teacher_training_75712.pth,blocks.7,7089408,100.0,107.11590933005714,31.603945572904365,29.504436615034347,0.9581141537671543,1.029064204126602,0.009368662214061076,0.01186960645064665,0.8287111520767212,9.466880966267638
DINOv2,teacher_training_75712.pth,blocks.8,7089408,100.0,124.33732172193626,34.457671619198976,27.713056017290562,0.9625970511972983,1.0208587912629923,0.010205835586122876,0.012941390510309047,0.5670375823974609,11.253721460989839
DINOv2,teacher_training_75712.pth,blocks.9,7089408,100.0,162.82255188796722,37.429051361571034,22.98763342520557,0.9738751321323119,1.009594903056697,0.011084223392317776,0.014057362187833329,0.527181938290596,13.278283785075734
DINOv2,teacher_training_75712.pth,blocks.10,7089408,100.0,255.4427233861593,40.40081134657974,15.815996169718563,0.9874904466267922,0.9998174764084092,0.011935237928959116,0.01517347667443954,0.5374748706817627,15.470504620164064
DINOv2,teacher_training_75712.pth,blocks.11,7089408,100.0,362.3754625450867,45.50424155021812,12.557208269739425,0.9920984666642358,0.9973630189233822,0.013070988705364061,0.017090190140667812,1.5887961387634277,19.625831518014465
DINOv2,teacher_training_75712.pth,norm,1536,100.0,67.29217293846075,3.1406090006977663,4.667123773176235,0.9989450597335078,0.9906121852356854,0.0676875461065265,0.08013426597189277,0.3668711632490158,0.09348717750143405
DINOv2,teacher_training_151424.pth,cls_token,768,100.0,0.39973614505004973,0.11371918902123491,28.448562990718912,0.9806592081743303,1.1871163616003972,0.0026387390014566137,0.004103487774589744,0.025879811495542526,6.950981159292447e-05
DINOv2,teacher_training_151424.pth,pos_embed,1052160,100.0,9.681227938026321,6.355807003458356,65.65083524677442,0.8489642837568147,1.238507056703038,0.004864843537017215,0.0061962624940858505,0.0389822693541646,0.21713008680694515
DINOv2,teacher_training_151424.pth,mask_token,768,100.0,0.0,0.5161322031143801,,,,0.011639017293473941,0.018624316650345123,0.10620993375778198,0.001431859869622868
DINOv2,teacher_training_151424.pth,patch_embed,452352,100.0,5.516757698006516,0.32890776360085267,5.961975885214311,0.9982285606061883,0.9943847531851417,0.00034048567710910985,0.0004890304112540097,0.00851944088935852,0.0005814693843571605
DINOv2,teacher_training_151424.pth,blocks.0,7089408,100.0,104.84778839246103,19.4491083831256,18.54985086602367,0.9827834341385299,0.999305393232238,0.005600532508487629,0.007304570936914772,0.3302810788154602,2.03319014772103
DINOv2,teacher_training_151424.pth,blocks.1,7089408,100.0,108.62643034101791,22.106430171686252,20.350876027396023,0.9793617953956296,1.0031387125380076,0.0064119424582823395,0.00830259074966832,0.18124175071716309,2.6267324366361615
DINOv2,teacher_training_151424.pth,blocks.2,7089408,100.0,95.48526860619273,23.006045648659413,24.093816757789742,0.9713139727024735,1.010070058196965,0.0067472662341884135,0.008640462539883561,0.2783336639404297,2.8448708672384946
DINOv2,teacher_training_151424.pth,blocks.3,7089408,99.99998589444986,378.15976373947035,27.512417553097507,7.275342379379085,0.9973592318945187,1.0016601758540569,0.008071794272074872,0.010332936693230727,0.36101579666137695,4.068516782382399
DINOv2,teacher_training_151424.pth,blocks.4,7089408,100.0,91.54464906170543,30.563648019865063,33.386602420927645,0.9465200480198381,1.032349666595163,0.009035069908959425,0.011478898191841974,0.5688649415969849,5.020985679479264
DINOv2,teacher_training_151424.pth,blocks.5,7089408,99.99998589444986,93.1157115746444,34.668516819968225,37.23165106479037,0.9342482210523807,1.0412029901866695,0.010265455388632636,0.013020578393649923,0.7565155327320099,6.460247072185952
DINOv2,teacher_training_151424.pth,blocks.6,7089408,100.0,101.5817760516398,38.438658167580336,37.84011233278671,0.9321751185255155,1.04234708289872,0.011357130562179834,0.014436543813418046,0.7110977172851562,7.94172859246146
DINOv2,teacher_training_151424.pth,blocks.7,7089408,100.0,107.11590933005714,42.27806121286433,39.46945087549282,0.9264384098623156,1.04506337565582,0.01241583498577947,0.015878522095775505,1.7193323373794556,9.607463207947944
DINOv2,teacher_training_151424.pth,blocks.8,7089408,100.0,124.33732172193626,45.63187642374448,36.700063819770904,0.9351033910586996,1.03053829246801,0.013438997472860134,0.017138126424909323,1.3386695384979248,11.192194762891964
DINOv2,teacher_training_151424.pth,blocks.9,7089408,100.0,162.82255188796722,49.43560535446753,30.3616451045937,0.9545974306218086,1.0132421566889358,0.014595823210452715,0.01856670645294639,0.946098268032074,13.135854120065996
DINOv2,teacher_training_151424.pth,blocks.10,7089408,100.0,255.4427233861593,52.51462219656528,20.558276822463085,0.9787934246305136,0.9961382420360365,0.015448129006220956,0.019723103779549382,0.736487627029419,14.823101908251106
DINOv2,teacher_training_151424.pth,blocks.11,7089408,100.0,362.3754625450867,60.80803673737359,16.780395755909623,0.9858576286951932,0.9944268893987022,0.016627524970265428,0.022837891029906573,3.3325535655021667,19.874699335533425
DINOv2,teacher_training_151424.pth,norm,1536,100.0,67.29217293846075,5.3038312495598765,7.881795189479576,0.9970014323860436,0.9820306033938762,0.1109704591737426,0.1353300025338521,0.6237294673919678,0.15120216133229472
DINOv2,teacher_training_229999.pth,cls_token,768,100.0,0.39973614505004973,0.1182925168199772,29.59264962270704,0.9770441382899865,1.1824406799747298,0.0026933897396492767,0.0042685135268207604,0.03052642196416855,6.0950890325594666e-05
DINOv2,teacher_training_229999.pth,pos_embed,1052160,100.0,9.681227938026321,6.93838154116685,71.66840390064563,0.8184215450834937,1.2467319899986986,0.0052850301808129415,0.006764213150241453,0.041907720325980335,0.20969200184135087
DINOv2,teacher_training_229999.pth,mask_token,768,100.0,0.0,0.5183258906362235,,,,0.011509466214434383,0.01870347453042351,0.10737747699022293,0.0011702302357552712
DINOv2,teacher_training_229999.pth,patch_embed,452352,100.0,5.516757698006516,0.4094153545330804,7.421303906115415,0.9973005988646009,0.9865274998497433,0.00043060172189551013,0.000608731630439688,0.011622190475463867,0.0007301191881309088
DINOv2,teacher_training_229999.pth,blocks.0,7089408,100.0,104.84778839246103,22.385058201834255,21.350052819467795,0.9770997895389969,0.994606195696706,0.006399341367579615,0.008407236071764152,0.5126622915267944,2.1826392740671445
DINOv2,teacher_training_229999.pth,blocks.1,7089408,100.0,108.62643034101791,25.35346111717757,23.34004812418472,0.9727496911735831,0.9995404791841506,0.007339816905027303,0.009522089731754158,0.23297977447509766,2.7998838806541926
DINOv2,teacher_training_229999.pth,blocks.2,7089408,100.0,95.48526860619273,26.2560586914881,27.497496812597593,0.9624133518883206,1.005433033300366,0.007669284440053736,0.009861081518892263,0.425994873046875,3.0027873580339297
DINOv2,teacher_training_229999.pth,blocks.3,7089408,99.99998589444986,378.15976373947035,31.34728791911253,8.289429739730044,0.9965748393692783,1.0023085122667088,0.0091497957286316,0.011773212621084205,0.5102132558822632,4.280213726335597
DINOv2,teacher_training_229999.pth,blocks.4,7089408,99.99997178889973,91.54464906170543,34.47022174477354,37.65399954894029,0.9316168193137426,1.0300661272412963,0.010155475791734009,0.012946104005689952,1.006965160369873,5.175516102968565
DINOv2,teacher_training_229999.pth,blocks.5,7089408,100.0,93.1157115746444,38.7547608372645,41.620001804096724,0.9174057049339325,1.0392895942000178,0.011438598285230509,0.01455526361941488,1.1692387163639069,6.542076707163614
DINOv2,teacher_training_229999.pth,blocks.6,7089408,100.0,101.5817760516398,43.02909014659613,42.35906460694485,0.9148699614014654,1.0429952193026755,0.012601869231919265,0.01616058870849895,1.205636739730835,8.0647300662691
DINOv2,teacher_training_229999.pth,blocks.7,7089408,100.0,107.11590933005714,47.057196992966,43.93109976592579,0.908504681932932,1.0440587661887386,0.013640659665009292,0.01767343914982351,2.5579012632369995,9.645341719912093
DINOv2,teacher_training_229999.pth,blocks.8,7089408,100.0,124.33732172193626,50.148462813773,40.332590504018825,0.921111166228447,1.0265510364257153,0.01465101532139454,0.01883443686900615,2.062727928161621,10.954202379471747
DINOv2,teacher_training_229999.pth,blocks.9,7089408,100.0,162.82255188796722,53.179814709782455,32.661209453573555,0.9470050044848531,1.0061145537673264,0.01562168625971213,0.019972932501966044,1.380631923675537,12.318537485273241
DINOv2,teacher_training_229999.pth,blocks.10,7089408,100.0,255.4427233861593,56.65284115059359,22.178295157364904,0.9752086173256094,0.9900249905271216,0.01653220292260412,0.021277309417500955,0.8866671323776245,13.98005561645906
DINOv2,teacher_training_229999.pth,blocks.11,7089408,100.0,362.3754625450867,68.79116995152211,18.983396245534454,0.9818641676875703,0.9915686558400895,0.017691549862635422,0.025836144816809313,4.970531165599823,20.612511034103562
DINOv2,teacher_training_229999.pth,norm,1536,100.0,67.29217293846075,7.264249828975659,10.795088807161683,0.9944079690308999,0.9720338074240423,0.1469347341603585,0.18535109838635763,0.8670318126678467,0.22985134713261546
DINOv2,teacher_training_299999.pth,cls_token,768,100.0,0.39973614505004973,0.11453476554960158,28.6525917077779,0.9738084106565743,1.1481641442094035,0.0026257782752252545,0.004132917357602072,0.031583745032548904,5.3857826051817114e-05
DINOv2,teacher_training_299999.pth,pos_embed,1052160,100.0,9.681227938026321,6.980801391820482,72.10656991558896,0.8032893862150405,1.2097492003478874,0.005293641724600388,0.006805568170849663,0.04839528537195292,0.20007126654725682
DINOv2,teacher_training_299999.pth,mask_token,768,100.0,0.0,0.492230230489722,,,,0.011018456249024903,0.017761828504782032,0.10130396485328674,0.0009947426113922253
DINOv2,teacher_training_299999.pth,patch_embed,452352,100.0,5.516757698006516,0.47022912381606735,8.523650114015066,0.9966073438799044,0.9744384692586602,0.0005081855695438475,0.0006991514559761153,0.01639378070831299,0.0009078063256367968
DINOv2,teacher_training_299999.pth,blocks.0,7089408,100.0,104.84778839246103,23.930463311043223,22.824003899317265,0.9737055638798068,0.987707011308459,0.006790237935908353,0.008987649375249138,0.5767615437507629,2.3511285265722717
DINOv2,teacher_training_299999.pth,blocks.1,7089408,100.0,108.62643034101791,26.850933087845945,24.718600255528138,0.9692637820266963,0.9932053569112821,0.007753771236861606,0.010084500615601103,0.3064444661140442,2.9600082507626357
DINOv2,teacher_training_299999.pth,blocks.2,7089408,100.0,95.48526860619273,27.692825824893703,29.002197123313817,0.9578225995764608,0.9970256103966061,0.008050978655232901,0.010400693270703702,0.5911655426025391,3.1485363045141046
DINOv2,teacher_training_299999.pth,blocks.3,7089408,100.0,378.15976373947035,32.95444705884644,8.714424488997222,0.9962194586687991,1.0030990842254308,0.009556652080927043,0.012376819105856675,0.6943966150283813,4.458638019861791
DINOv2,teacher_training_299999.pth,blocks.4,7089408,100.0,91.54464906170543,35.768616465294194,39.07231807856345,0.9253481933963889,1.0198674137973436,0.01049090674686369,0.013433746737342753,1.3424072265625,5.252649726443985
DINOv2,teacher_training_299999.pth,blocks.5,7089408,99.99998589444986,93.1157115746444,39.83166098106592,42.776519995914605,0.911353673007199,1.027752056156627,0.011713089594745728,0.014959718843655195,1.425961285829544,6.5137485684389675
DINOv2,teacher_training_299999.pth,blocks.6,7089408,99.99998589444986,101.5817760516398,44.294935212891986,43.60519862379089,0.9085985064007494,1.033868536877707,0.012821267424869531,0.016636006650532942,1.689088225364685,8.055310744860737
DINOv2,teacher_training_299999.pth,blocks.7,7089408,100.0,107.11590933005714,48.217548628171706,45.01436708117613,0.9024924493818254,1.03334330174089,0.013750881088663305,0.018109236548046605,3.2218176126480103,9.545186344641587
DINOv2,teacher_training_299999.pth,blocks.8,7089408,99.99998589444986,124.33732172193626,50.70482664627381,40.780053763477675,0.9181660144032465,1.01475850117295,0.014662949951666669,0.019043392416025567,2.6824514865875244,10.555352990208902
DINOv2,teacher_training_299999.pth,blocks.9,7089408,100.0,162.82255188796722,53.24555313802322,32.701583730649126,0.9463075674665627,0.995677295982614,0.015522133963736483,0.019997622117700953,1.7983059883117676,11.639674700430248
DINOv2,teacher_training_299999.pth,blocks.10,7089408,100.0,255.4427233861593,56.6093902306593,22.161285113250788,0.9751686982477029,0.9833078523314306,0.016316616227155592,0.02126099040067602,1.3071746826171875,13.156825382552018
DINOv2,teacher_training_299999.pth,blocks.11,7089408,100.0,362.3754625450867,72.96539806785013,20.13530318951212,0.9795646917881492,0.9890530452474889,0.017377494504012592,0.027403874544154383,6.379454791545868,21.857881605473793
DINOv2,teacher_training_299999.pth,norm,1536,100.0,67.29217293846075,8.591254156795317,12.767092786039305,0.9921424921235757,0.9667143483078541,0.1669498481103441,0.2192103014032653,1.0625331401824951,0.3030311619285955
DINOv2,teacher_training_378562.pth,cls_token,768,100.0,0.39973614505004973,0.10263480460072572,25.675637760472004,0.9723111278822597,1.0786726192424747,0.002434623558241237,0.003703514504028352,0.029437776654958725,4.277786452492999e-05
DINOv2,teacher_training_378562.pth,pos_embed,1052160,100.0,9.681227938026321,6.784604598342252,70.08000061328383,0.7938613207716528,1.1421951336768874,0.005108275095855082,0.006614296341445847,0.051068064058199525,0.18692993968797045
DINOv2,teacher_training_378562.pth,mask_token,768,100.0,0.0,0.4539459663588244,,,,0.010190486959939923,0.016380364117175753,0.09192610532045364,0.0008368316626579315
DINOv2,teacher_training_378562.pth,patch_embed,452352,100.0,5.516757698006516,0.5342533621445487,9.684191175146251,0.9960169178467975,0.9582272829092616,0.0005924966146904274,0.0007943447078994663,0.022045135498046875,0.001159109082740335
DINOv2,teacher_training_378562.pth,blocks.0,7089408,100.0,104.84778839246103,25.00763446745832,23.851370497059023,0.9711726080511613,0.9792362355036177,0.007022024951804642,0.009392206384662446,0.608850359916687,2.5396566532818143
DINOv2,teacher_training_378562.pth,blocks.1,7089408,100.0,108.62643034101791,27.764354509287422,25.55948347204728,0.9669569451018308,0.9852450072312869,0.007975824909293789,0.010427557553573934,0.4362984895706177,3.13043682103613
DINOv2,teacher_training_378562.pth,blocks.2,7089408,100.0,95.48526860619273,28.40685479664458,29.74998678990179,0.9552179818572494,0.9860005136467171,0.008205235591843643,0.010668863675866943,0.7220466136932373,3.2769973018886125
DINOv2,teacher_training_378562.pth,blocks.3,7089408,100.0,378.15976373947035,33.618833703106716,8.890113895424394,0.9960729602341702,1.0041199855867018,0.009661940416569809,0.012626345165197707,0.859492152929306,4.58981379515774
DINOv2,teacher_training_378562.pth,blocks.4,7089408,99.99998589444986,91.54464906170543,35.93365820898175,39.25260359538957,0.9233628751571179,1.0050677594670439,0.010476163533281986,0.013495732053099636,1.6633927822113037,5.2436373264217755
DINOv2,teacher_training_378562.pth,blocks.5,7089408,100.0,93.1157115746444,39.56239926376593,42.487351054662255,0.9107285235263445,1.0104478472739804,0.011575501909487898,0.01485859126104993,1.5782138407230377,6.3561629746389094
DINOv2,teacher_training_378562.pth,blocks.6,7089408,100.0,101.5817760516398,44.09239159862982,43.40580890829782,0.907758858730508,1.0192602950534573,0.012572541941155905,0.016559936623616916,2.1165571212768555,7.8950901403913125
DINOv2,teacher_training_378562.pth,blocks.7,7089408,100.0,107.11590933005714,47.70528678959228,44.536135750477165,0.9026195601201655,1.0169384521285028,0.01332341001590467,0.01791684454402938,3.673103451728821,9.241932732422622
DINOv2,teacher_training_378562.pth,blocks.8,7089408,100.0,124.33732172193626,49.51012634035401,39.81919962139507,0.9206477397305978,0.9990641061339799,0.014135825583947874,0.01859469456515049,3.0540730953216553,9.954463310332276
DINOv2,teacher_training_378562.pth,blocks.9,7089408,100.0,162.82255188796722,51.54502930236489,31.657180596107665,0.9492140019315581,0.9842129989512114,0.014859240053975254,0.019358950321401135,2.0569040775299072,10.78955076676271
DINOv2,teacher_training_378562.pth,blocks.10,7089408,100.0,255.4427233861593,55.111964658078314,21.575077155266683,0.9764485368635251,0.9768234615095152,0.015587492675248334,0.020698596942724082,1.674820899963379,12.334500518783729
DINOv2,teacher_training_378562.pth,blocks.11,7089408,100.0,362.3754625450867,77.00749461439295,21.250747518483454,0.97721653607722,0.9877799347818765,0.016541714193374878,0.028921979147021288,7.811446845531464,24.082178404870145
DINOv2,teacher_training_378562.pth,norm,1536,100.0,67.29217293846075,9.630112856054586,14.310895956445638,0.9900337814224406,0.9645963549559547,0.18328362624073455,0.24571731940364713,1.2300522327423096,0.3766105957143242
RAD-DINO,spine_rad_dino_vitb14_teacher_20000.pth,cls_token,768,100.0,1.4511170236042474,0.036486258679878876,2.5143567394210042,0.9998017187552967,0.9844499824576529,0.0010068669813894833,0.0013165844544093992,0.007241785526275635,0.00011926980130459368
RAD-DINO,spine_rad_dino_vitb14_teacher_20000.pth,pos_embed,1052160,100.0,32.168337485446706,1.3959352133629632,4.3394695606961315,0.9991277724449814,0.9873207712299554,0.00108211325186329,0.0013608942187873548,0.009556770324707031,0.174583162190785
RAD-DINO,spine_rad_dino_vitb14_teacher_20000.pth,mask_token,768,100.0,2.590206780176692,0.038580556148248124,1.489477845688302,0.9999668690108637,0.9874931548619186,0.0008877180211518029,0.0013921559048547829,0.010053753852844238,0.0001333548446039241
RAD-DINO,spine_rad_dino_vitb14_teacher_20000.pth,patch_embed,452352,99.9995578664403,7.822641468942206,0.03993585215243838,0.5105162023722224,0.999989621666068,0.9976861201718263,4.615333691386406e-05,5.9377881470705554e-05,0.001170974224805832,0.00014288865284996488
RAD-DINO,spine_rad_dino_vitb14_teacher_20000.pth,blocks.0,7089408,99.99991536669917,141.12532369014394,3.9309289094647624,2.785417107772625,0.9996342357662922,0.9929663903507162,0.0011707995705718718,0.001476352977294679,0.014500021934509277,1.384401972614253
RAD-DINO,spine_rad_dino_vitb14_teacher_20000.pth,blocks.1,7089408,99.99995768334958,152.09820316096437,4.488834610588384,2.9512739252007365,0.99959297884877,0.9920348612316278,0.0013378569121380338,0.0016858876094067833,0.01681077480316162,1.8052570037777709
RAD-DINO,spine_rad_dino_vitb14_teacher_20000.pth,blocks.2,7089408,99.99994357779944,141.7521958899403,5.080550924573732,3.584107387315812,0.9994104388084645,0.9891241481403764,0.0015127675745079407,0.0019081206138660393,0.018752992153167725,2.31256233370767
RAD-DINO,spine_rad_dino_vitb14_teacher_20000.pth,blocks.3,7089408,99.99998589444986,394.9199597932742,5.911545362991651,1.4968970841803295,0.999889236415644,0.9982907408972455,0.0017604377649599542,0.0022202201561191863,0.019327521324157715,3.130933786027453
RAD-DINO,spine_rad_dino_vitb14_teacher_20000.pth,blocks.4,7089408,99.99997178889973,150.45086352886318,6.786345021341628,4.510672030831983,0.9990645815927379,0.986232808135984,0.002021300817473774,0.0025487717809098798,0.020792901515960693,4.12613754666357
RAD-DINO,spine_rad_dino_vitb14_teacher_20000.pth,blocks.5,7089408,99.99995768334958,158.788293782029,7.791133969233817,4.90661734795691,0.9988924905468476,0.9849749817607475,0.002320087111546297,0.0029261439463544605,0.026528477668762207,5.438425383837589
RAD-DINO,spine_rad_dino_vitb14_teacher_20000.pth,blocks.6,7089408,99.99995768334958,169.9614651593146,8.91835255765256,5.247279169600519,0.9987320446019029,0.9839303290570854,0.0026559295004233902,0.00334949744813542,0.021775007247924805,7.1259226440716805
RAD-DINO,spine_rad_dino_vitb14_teacher_20000.pth,blocks.7,7089408,99.99994357779944,181.58838382321858,10.109807232691885,5.567430592109938,0.9985735434992631,0.9828017295112998,0.0030124293829401397,0.003796976325855821,0.025765955448150635,9.157092045592576
RAD-DINO,spine_rad_dino_vitb14_teacher_20000.pth,blocks.8,7089408,99.99997178889973,203.77542179930512,11.23721514118911,5.514509572335199,0.9986014957121717,0.9829193778410384,0.003350196553577283,0.0042204009312532455,0.02658480405807495,11.313297857228049
RAD-DINO,spine_rad_dino_vitb14_teacher_20000.pth,blocks.9,7089408,99.99995768334958,227.8498734076344,12.445374614348289,5.462094153584591,0.9986306843625448,0.9829242842445454,0.0037111129424661016,0.004674153689526402,0.03023374080657959,13.876750422083768
RAD-DINO,spine_rad_dino_vitb14_teacher_20000.pth,blocks.10,7089408,99.99995768334958,289.30767269361905,13.877812925868039,4.796904553777542,0.9989233417213704,0.986722031726335,0.0041365026714889905,0.005212139650277622,0.03795933723449707,17.25495725442724
RAD-DINO,spine_rad_dino_vitb14_teacher_20000.pth,blocks.11,7089408,99.99995768334958,321.98679825979445,15.981259584697476,4.963327587053127,0.9988319398270421,0.9874870690789082,0.004742828050954299,0.006002138606978729,0.14457333087921143,22.881992646359567
RAD-DINO,spine_rad_dino_vitb14_teacher_20000.pth,norm,1536,100.0,49.56846204237919,0.4393058214660595,0.8862607459768863,0.9999631924628175,1.0021840237072037,0.009527937380520749,0.011209115662771364,0.03137373924255371,0.017290428119248184
RAD-DINO,teacher_training_75712.pth,cls_token,768,100.0,1.4511170236042474,0.09083374641516845,6.259574172009774,0.9994511124326569,0.9463403505819303,0.0019254075723248814,0.0032776804965187318,0.027448296546936035,4.69378366032176e-05
RAD-DINO,teacher_training_75712.pth,pos_embed,1052160,100.0,32.168337485446706,4.6829050917165835,14.557498017530992,0.9901386351776271,0.9505584415897278,0.0035734787470186225,0.004565354040388343,0.039730966091156006,0.12475539253582779
RAD-DINO,teacher_training_75712.pth,mask_token,768,100.0,2.590206780176692,0.1292254363034603,4.98900077370059,0.9998024942637054,0.9540418079934471,0.002831099038256587,0.004663021277246853,0.03415334224700928,9.50002239860548e-05
RAD-DINO,teacher_training_75712.pth,patch_embed,452352,99.99977893322014,7.822641468942206,0.11419770749834571,1.4598356316308045,0.9999371861601718,0.9905836695455696,0.00013139643284102297,0.00016979274447882425,0.006235387176275253,7.418966091721723e-05
RAD-DINO,teacher_training_75712.pth,blocks.0,7089408,99.99998589444986,141.12532369014394,15.350706345824328,10.877357758646124,0.9943738439817171,0.9696547668158078,0.0045352457080398674,0.0057653194802548295,0.059637606143951416,1.3405571787192265
RAD-DINO,teacher_training_75712.pth,blocks.1,7089408,99.99997178889973,152.09820316096437,17.795383667820722,11.699930241114028,0.9935304605529846,0.9653948459103495,0.0052707489717595075,0.006683475653001692,0.0626259446144104,1.8015375827192466
RAD-DINO,teacher_training_75712.pth,blocks.2,7089408,100.0,141.7521958899403,20.36268005866938,14.364983858507161,0.9903232226985603,0.953237355557837,0.0060380839649410625,0.007647684306356192,0.07404214143753052,2.358840035144488
RAD-DINO,teacher_training_75712.pth,blocks.3,7089408,99.99998589444986,394.9199597932742,23.4973844939275,5.949910585990006,0.9982412426081727,0.9931695523537926,0.00696033836256634,0.008824996420749607,0.0805211067199707,3.140998013852165
RAD-DINO,teacher_training_75712.pth,blocks.4,7089408,99.99997178889973,150.45086352886318,27.07738096473217,17.99749122711916,0.984551955459656,0.9429163691607307,0.008029706985233035,0.01016954845160701,0.08530956506729126,4.17101666988094
RAD-DINO,teacher_training_75712.pth,blocks.5,7089408,99.99998589444986,158.788293782029,30.930159083408284,19.478866071743656,0.9817654707054873,0.9392676847201044,0.009171196743132234,0.011616550057936686,0.1057441234588623,5.442430883358926
RAD-DINO,teacher_training_75712.pth,blocks.6,7089408,100.0,169.9614651593146,35.26872708012155,20.75101379425163,0.979215925118318,0.935349248081583,0.01047159555257747,0.013246001499737292,0.09315615892410278,7.07633175911219
RAD-DINO,teacher_training_75712.pth,blocks.7,7089408,99.99998589444986,181.58838382321858,39.92445843959623,21.98624030844606,0.9765218438861888,0.9325401672815397,0.011872293815740835,0.01499457111581324,0.10801208019256592,9.067899174030842
RAD-DINO,teacher_training_75712.pth,blocks.8,7089408,100.0,203.77542179930512,44.736666715214476,21.95390706111498,0.9765579197254216,0.9333980529131813,0.013318442004599538,0.016801909324847007,0.1564960479736328,11.385598351140414
RAD-DINO,teacher_training_75712.pth,blocks.9,7089408,99.99997178889973,227.8498734076344,50.152913462839486,22.011385265557514,0.9764304114943881,0.9332279043682898,0.014951389834443855,0.018836108415134695,0.19249916076660156,14.309384345418746
RAD-DINO,teacher_training_75712.pth,blocks.10,7089408,100.0,289.30767269361905,55.988471456968846,19.352570547363747,0.9817141101980175,0.946860231777476,0.016696080122169936,0.02102778972437051,0.21671940386295319,17.833058608415797
RAD-DINO,teacher_training_75712.pth,blocks.11,7089408,100.0,321.98679825979445,62.08460001555398,19.28172221690317,0.9818170397715393,0.948006083696182,0.018424350049015395,0.02331733444896939,0.7195189595222473,21.927867077527495
RAD-DINO,teacher_training_75712.pth,norm,1536,100.0,49.56846204237919,1.85182940297006,3.7359024804659358,0.9995166147045519,1.0202327872468522,0.03924836477030643,0.04725038674957769,0.20207557082176208,0.019508800422221275
RAD-DINO,teacher_training_151424.pth,cls_token,768,100.0,1.4511170236042474,0.17326658895645222,11.940221645673835,0.999065031212827,0.8877644207604628,0.0030320666831234653,0.006252219485973496,0.05589836835861206,7.87919644965275e-05
RAD-DINO,teacher_training_151424.pth,pos_embed,1052160,100.0,32.168337485446706,6.506501101415167,20.22641395241136,0.9831467084105613,0.8966121349965127,0.004838043639182001,0.006343173844090943,0.09134519100189209,0.11110850209249751
RAD-DINO,teacher_training_151424.pth,mask_token,768,100.0,2.590206780176692,0.2724340504264241,10.51784948257451,0.9995970250622876,0.8983215182149492,0.005422747473706284,0.009830617021882253,0.07253646850585938,0.00019479376514434043
RAD-DINO,teacher_training_151424.pth,patch_embed,452352,100.0,7.822641468942206,0.2065934078515834,2.640967359578086,0.9998553321940139,0.9796524567492245,0.0002367871048885183,0.0003071695787838961,0.00849902629852295,0.00011201732479200852
RAD-DINO,teacher_training_151424.pth,blocks.0,7089408,100.0,141.12532369014394,22.536332070796853,15.969020641736725,0.9884216898945348,0.9386381677251515,0.006605673146722251,0.008464050537752607,0.11862784624099731,1.3329649934523375
RAD-DINO,teacher_training_151424.pth,blocks.1,7089408,99.99998589444986,152.09820316096437,26.348442777108257,17.32330969697512,0.9865050297697714,0.9299198758264569,0.00774840171901373,0.009895778539113506,0.11482274532318115,1.8220579415256413
RAD-DINO,teacher_training_151424.pth,blocks.2,7089408,99.99998589444986,141.7521958899403,30.134508553847333,21.25858323721804,0.9799907019534387,0.9053280470276567,0.008882393401533802,0.011317724753471096,0.14882320165634155,2.3833098277184375
RAD-DINO,teacher_training_151424.pth,blocks.3,7089408,99.99998589444986,394.9199597932742,34.545063422942455,8.74735818392808,0.9962141292658493,0.9865074888219155,0.01018964181760683,0.012974212561437265,0.1507931351661682,3.1320181213199056
RAD-DINO,teacher_training_151424.pth,blocks.4,7089408,100.0,150.45086352886318,39.55898554451027,26.293624786620846,0.9682971796743577,0.8862307516585382,0.011695328653923916,0.014857309158345246,0.168745756149292,4.107168961919784
RAD-DINO,teacher_training_151424.pth,blocks.5,7089408,100.0,158.788293782029,45.03570067553103,28.362103781625237,0.9624918459056547,0.8798392807498009,0.013320655622393188,0.01691421857484707,0.21404224634170532,5.323118391033697
RAD-DINO,teacher_training_151424.pth,blocks.6,7089408,100.0,169.9614651593146,51.304347322616955,30.185870235071494,0.9569195801872429,0.8743740828504004,0.015198410201355287,0.019268556532664207,0.17410343885421753,6.90813174609184
RAD-DINO,teacher_training_151424.pth,blocks.7,7089408,99.99998589444986,181.58838382321858,57.9760812971223,31.92719714580623,0.951126954000838,0.870027790098674,0.017209337405341484,0.02177428343432934,0.21375641226768494,8.821653431287663
RAD-DINO,teacher_training_151424.pth,blocks.8,7089408,100.0,203.77542179930512,65.39431072009184,32.09136319908961,0.9500421337999525,0.8754390829725546,0.019433698242876583,0.024560374291502148,0.4740285873413086,11.223600776781627
RAD-DINO,teacher_training_151424.pth,blocks.9,7089408,100.0,227.8498734076344,73.91532741271698,32.44036360752279,0.9486141134632791,0.8771546469066948,0.021988172836314275,0.02776064289301387,0.7084560394287109,14.339079987679586
RAD-DINO,teacher_training_151424.pth,blocks.10,7089408,99.99998589444986,289.30767269361905,83.28248661767107,28.786822638426322,0.9592806608285129,0.9037153658935462,0.024777830266131735,0.03127870025287343,0.6651477813720703,18.203698959361645
RAD-DINO,teacher_training_151424.pth,blocks.11,7089408,100.0,321.98679825979445,92.12543194414535,28.61155564204657,0.9596348952139226,0.9070873573265098,0.02730494458679188,0.03459987673850262,0.9122140258550644,22.274673744521287
RAD-DINO,teacher_training_151424.pth,norm,1536,100.0,49.56846204237919,2.5472325108694336,5.138816912841969,0.9991733226936691,1.0306069465553485,0.05097119348435323,0.06499395737352623,0.425484299659729,0.017029012159629098
RAD-DINO,teacher_training_227137.pth,cls_token,768,100.0,1.4511170236042474,0.26932921446439995,18.56013058102281,0.9985190811449689,0.8210699331361531,0.004270688432352898,0.009718580904478235,0.08746382594108582,0.00011913289565858741
RAD-DINO,teacher_training_227137.pth,pos_embed,1052160,100.0,32.168337485446706,8.188334886007986,25.45464119714758,0.9776513144979138,0.8341383583334929,0.005889158420290292,0.007982789961302899,0.14748823642730713,0.11011740321045117
RAD-DINO,teacher_training_227137.pth,mask_token,768,100.0,2.590206780176692,0.441856353208221,17.058728924262933,0.9994221533024656,0.8322555784051918,0.008416634648241939,0.015944117779244548,0.11878794431686401,0.00032064684926056054
RAD-DINO,teacher_training_227137.pth,patch_embed,452352,100.0,7.822641468942206,0.31932792405741867,4.082098423214567,0.9997212002612783,0.9664220860758906,0.0003654121074811305,0.00047478680441304056,0.015025019645690918,0.00016747059542949628
RAD-DINO,teacher_training_227137.pth,blocks.0,7089408,100.0,141.12532369014394,29.07083634616965,20.599305345083103,0.9815247689648576,0.9052095662755212,0.008442759419550545,0.01091823759233483,0.1889181137084961,1.3879691767506763
RAD-DINO,teacher_training_227137.pth,blocks.1,7089408,100.0,152.09820316096437,34.21608551790258,22.49604847842414,0.978168473104742,0.8920245151597835,0.009977739121121543,0.012850657157420578,0.1690240502357483,1.9227614865665634
RAD-DINO,teacher_training_227137.pth,blocks.2,7089408,100.0,141.7521958899403,38.95363581251802,27.480093389708422,0.9682200017179596,0.8543537424598483,0.011403873865308719,0.014629955802506263,0.2265116572380066,2.4920730482773537
RAD-DINO,teacher_training_227137.pth,blocks.3,7089408,100.0,394.9199597932742,44.40913636713585,11.245097966277108,0.9937539802815806,0.979890497580561,0.013040593230356315,0.01667889758495622,0.23317450284957886,3.23898863383534
RAD-DINO,teacher_training_227137.pth,blocks.4,7089408,99.99998589444986,150.45086352886318,50.407774810461405,33.50447689573476,0.9501432327459598,0.8275579157678427,0.014857289590340161,0.018931827599588273,0.2633724808692932,4.173109899036221
RAD-DINO,teacher_training_227137.pth,blocks.5,7089408,100.0,158.788293782029,57.124762080348674,35.97542408180585,0.9408864252111906,0.8196825517859955,0.016851258391728085,0.021454550442647467,0.31370508670806885,5.3593679858170935
RAD-DINO,teacher_training_227137.pth,blocks.6,7089408,100.0,169.9614651593146,64.85058150952094,38.15604993092568,0.9318009119906232,0.8141516271662502,0.01916845087315743,0.024356163974460894,0.2956094741821289,6.907048706543264
RAD-DINO,teacher_training_227137.pth,blocks.7,7089408,100.0,181.58838382321858,73.0065861352278,40.20443631807515,0.9224245603964291,0.8105910252293721,0.02162676098864389,0.027419343693381587,0.31845903396606445,8.75364340314466
RAD-DINO,teacher_training_227137.pth,blocks.8,7089408,100.0,203.77542179930512,82.42056233764491,40.44676321112931,0.9195952095294986,0.8234213314995551,0.02444172798243191,0.030954984279797627,0.7739810943603516,11.156704122957798
RAD-DINO,teacher_training_227137.pth,blocks.9,7089408,100.0,227.8498734076344,93.26448000497243,40.93242564068393,0.9164781244264111,0.8299998067094011,0.02767550318877045,0.035027673077387,1.3485851287841797,14.285561508396778
RAD-DINO,teacher_training_227137.pth,blocks.10,7089408,100.0,289.30767269361905,105.19081031464631,36.35949552780955,0.9337615869043085,0.8696367657994293,0.03122830280252361,0.03950688744793746,0.9457416534423828,18.172738209750616
RAD-DINO,teacher_training_227137.pth,blocks.11,7089408,100.0,321.98679825979445,115.79733181275952,35.9633787591902,0.9350228945524018,0.8749872841628212,0.034249504152234836,0.04349041652036009,1.052442368119955,22.022259416071023
RAD-DINO,teacher_training_227137.pth,norm,1536,100.0,49.56846204237919,3.2220079986358505,6.5001169410524655,0.9987183405839215,1.0395040714641857,0.06331367833403571,0.08221120358149867,0.6842844486236572,0.017049749301797545
MAIRA-2,spine_rad_dino_maira2_vitb14_teacher_20000.pth,cls_token,768,100.0,0.5704225177368745,0.014811627430602398,2.596606369847891,0.9996861237205672,0.9928609919675057,0.0004238995828750684,0.0005344685677621712,0.00197125252452679,4.2972077049706745e-05
MAIRA-2,spine_rad_dino_maira2_vitb14_teacher_20000.pth,pos_embed,1052160,100.0,15.548748812361511,1.2332619007322494,7.931582892070299,0.9968540068205642,0.9938687712198234,0.0009578007493094134,0.001202304358318978,0.005929509876295924,0.2979143460186287
MAIRA-2,spine_rad_dino_maira2_vitb14_teacher_20000.pth,mask_token,768,100.0,1.2527692709950333,0.016778992074431922,1.3393521427217736,0.9999461811104915,0.9914755534078287,0.00045518490593998706,0.0006054597244314917,0.0026556551456451416,5.51458106008769e-05
MAIRA-2,spine_rad_dino_maira2_vitb14_teacher_20000.pth,patch_embed,452352,99.99977893322014,6.17695560730687,0.02794634213674876,0.45242905912566955,0.9999928636382716,0.9975035800415616,3.189778669721913e-05,4.15515007568039e-05,0.0017056390643119812,0.0001529786170081543
MAIRA-2,spine_rad_dino_maira2_vitb14_teacher_20000.pth,blocks.0,7089408,99.99997178889973,111.46898223860731,3.2543298513673693,2.9194936438921135,0.9995744189604429,0.9984067915458157,0.0009625194773789705,0.0012222402581733168,0.009834617376327515,2.0744545632314555
MAIRA-2,spine_rad_dino_maira2_vitb14_teacher_20000.pth,blocks.1,7089408,99.99998589444986,116.42292253287343,3.6069783468463736,3.0981685293357066,0.9995201873145884,0.9988348603806824,0.0010687364644448721,0.0013546857101847617,0.008639812003821135,2.548401531952973
MAIRA-2,spine_rad_dino_maira2_vitb14_teacher_20000.pth,blocks.2,7089408,99.99998589444986,96.98545735183434,3.9801548422587802,4.103867683811568,0.9991577267060405,0.9985782156997887,0.001178243724482504,0.0014948409362769877,0.011451363563537598,3.1029924801179742
MAIRA-2,spine_rad_dino_maira2_vitb14_teacher_20000.pth,blocks.3,7089408,99.99997178889973,378.16332552535573,4.4509820906783615,1.1769999336913288,0.9999307317340725,0.999964652651278,0.0013130743070340531,0.001671671203627296,0.01660442352294922,3.8805428261910055
MAIRA-2,spine_rad_dino_maira2_vitb14_teacher_20000.pth,blocks.4,7089408,99.99995768334958,97.7252102776553,5.026162389588087,5.143158428933369,0.9986768495361232,0.9994878131033277,0.0014813881016798507,0.0018876937179831308,0.013639688491821289,4.948274904966836
MAIRA-2,spine_rad_dino_maira2_vitb14_teacher_20000.pth,blocks.5,7089408,99.99995768334958,102.32545247838267,5.640645339559306,5.512455799548946,0.9984802508884111,0.9997164985911512,0.0016615266944897923,0.0021184772690421476,0.015799999237060547,6.232156848676889
MAIRA-2,spine_rad_dino_maira2_vitb14_teacher_20000.pth,blocks.6,7089408,100.0,111.01966624706883,6.281671062753006,5.65816064405513,0.9983991387761189,0.9999217997001096,0.0018504731274218652,0.0023592295840180882,0.016938841436058283,7.7291399148206015
MAIRA-2,spine_rad_dino_maira2_vitb14_teacher_20000.pth,blocks.7,7089408,99.99998589444986,123.03938445705931,6.989443055400582,5.680655089622863,0.9983864140300251,0.9999407449016443,0.0020633710819975763,0.002625050033244507,0.023105740547180176,9.568986215370648
MAIRA-2,spine_rad_dino_maira2_vitb14_teacher_20000.pth,blocks.8,7089408,99.99998589444986,143.62109760476747,7.615431929486371,5.302446546149762,0.9985938449168652,0.9997168067710239,0.002251600408483553,0.0028601549052213785,0.018351197242736816,11.359778626667048
MAIRA-2,spine_rad_dino_maira2_vitb14_teacher_20000.pth,blocks.9,7089408,100.0,180.43202177444778,8.275623513353244,4.586560318931821,0.9989479662767636,0.9997803630584456,0.0024485662667190896,0.0031081054107825338,0.024318337440490723,13.414739293325647
MAIRA-2,spine_rad_dino_maira2_vitb14_teacher_20000.pth,blocks.10,7089408,99.99994357779944,255.93570620440488,8.944205769357467,3.4947080663352663,0.9993892346247002,0.9997643754450548,0.0026437205533610996,0.0033592072309761296,0.04014186281710863,15.669832387288656
MAIRA-2,spine_rad_dino_maira2_vitb14_teacher_20000.pth,blocks.11,7089408,99.9999294722493,282.9133229662922,9.889598966862986,3.495628577393396,0.9993888731254857,0.9996371514714245,0.0029013675417748383,0.0037142719228078253,0.04781162831932306,19.157469766232424
MAIRA-2,spine_rad_dino_maira2_vitb14_teacher_20000.pth,norm,1536,100.0,66.00836867438613,0.27733011872012603,0.4201438761320898,0.9999917189321987,0.9989476783971104,0.005430470401705634,0.007076221678851977,0.0509095024317503,0.01506519863456078
MAIRA-2,teacher_training_75712.pth,cls_token,768,100.0,0.5704225177368745,0.04258073114237278,7.464770379561786,0.9977687033907047,1.0311553047140816,0.0010492722101540508,0.0015364997867087502,0.00815848633646965,1.887104049500563e-05
MAIRA-2,teacher_training_75712.pth,pos_embed,1052160,100.0,15.548748812361511,4.188638529073975,26.93874973235106,0.9668062426743383,1.0521522126336513,0.0032247661277805964,0.004083494638031303,0.02305643353611231,0.1826061434306617
MAIRA-2,teacher_training_75712.pth,mask_token,768,100.0,1.2527692709950333,0.08273385603630293,6.604077698249268,0.998679630139232,1.0401812913045914,0.002006305147125076,0.0029854008783534525,0.02021157741546631,7.124200778030593e-05
MAIRA-2,teacher_training_75712.pth,patch_embed,452352,99.99977893322014,6.17695560730687,0.09518313663568667,1.5409393022525892,0.9999225935896164,0.9908317980079283,0.00010606393184087674,0.0001415212822701391,0.008544683456420898,9.429521227980009e-05
MAIRA-2,teacher_training_75712.pth,blocks.0,7089408,100.0,111.46898223860731,12.71511365014363,11.406862604097363,0.9934942037538543,1.0000045293509496,0.0037438597185264467,0.004775460540339755,0.11692690849304199,1.682713235081066
MAIRA-2,teacher_training_75712.pth,blocks.1,7089408,100.0,116.42292253287343,14.464703172120524,12.424274238637361,0.9923588045866747,1.006927815410368,0.004276915362816912,0.005432560111282103,0.0948711633682251,2.1776529599147203
MAIRA-2,teacher_training_75712.pth,blocks.2,7089408,100.0,96.98545735183434,16.351829478085435,16.860083897698054,0.9860379488921681,1.0124402131741557,0.0048444933523798875,0.006141314862260735,0.10061049461364746,2.782930220850807
MAIRA-2,teacher_training_75712.pth,blocks.3,7089408,100.0,378.16332552535573,18.6499779849668,4.931725719054775,0.9987876601755133,1.001784654615843,0.005515422730384206,0.007004438685800347,0.14785432815551758,3.6201474920036985
MAIRA-2,teacher_training_75712.pth,blocks.4,7089408,99.99998589444986,97.7252102776553,21.204129345677813,21.697706544128156,0.9774620681878338,1.0275733610622693,0.006276052482330907,0.007963710413347412,0.1861424446105957,4.679619127817282
MAIRA-2,teacher_training_75712.pth,blocks.5,7089408,99.99998589444986,102.32545247838267,23.997729427225995,23.45235603262616,0.9737940293454284,1.0310313592701434,0.007106280493436532,0.009012912750187913,0.1706860065460205,5.993905929648377
MAIRA-2,teacher_training_75712.pth,blocks.6,7089408,100.0,111.01966624706883,27.11339671765988,24.422156572980814,0.9715098751235949,1.0304641848064475,0.00804070157822224,0.010183075016266144,0.22876405715942383,7.651339545255471
MAIRA-2,teacher_training_75712.pth,blocks.7,7089408,100.0,123.03938445705931,30.384530596811725,24.694963105424108,0.9708715877063566,1.030669247303428,0.009018404393824137,0.011411626423030933,0.36028289794921875,9.608922282195932
MAIRA-2,teacher_training_75712.pth,blocks.8,7089408,99.99998589444986,143.62109760476747,33.71170675115523,23.472670320294352,0.9735377403490505,1.0271321158044877,0.010013803107407097,0.01266122582678045,0.44809722900390625,11.828538802495183
MAIRA-2,teacher_training_75712.pth,blocks.9,7089408,100.0,180.43202177444778,36.70708916759008,20.343999256116753,0.9798941063987499,1.019646972060139,0.01088567012131846,0.013786212274129314,0.5298023223876953,14.023922772726861
MAIRA-2,teacher_training_75712.pth,blocks.10,7089408,100.0,255.93570620440488,39.2011399883305,15.316792084111247,0.9883706687920066,1.0067279807724547,0.011587868382926676,0.014722911827728141,0.29608821868896484,15.994365320657836
MAIRA-2,teacher_training_75712.pth,blocks.11,7089408,100.0,282.9133229662922,43.483663271793155,15.369959539506745,0.9881897137952823,1.0001260480486969,0.012756706585354717,0.016331314356873534,0.5764484405517578,19.67985371683236
MAIRA-2,teacher_training_75712.pth,norm,1536,100.0,66.00836867438613,2.993997667882708,4.53578497395058,0.9990079822983008,0.9903892104186667,0.06654051050821626,0.07639340184786926,0.40161921083927155,0.09329804282918726
MAIRA-2,teacher_training_151424.pth,cls_token,768,100.0,0.5704225177368745,0.05826250027712306,10.213920114562955,0.9956771994712194,1.0381683980600724,0.0013370271460530307,0.0021023668886661026,0.011033345013856888,2.106945589351301e-05
MAIRA-2,teacher_training_151424.pth,pos_embed,1052160,100.0,15.548748812361511,5.234463590194624,33.66485402370858,0.9489150835278032,1.0662695695534263,0.004008668112120052,0.005103067227015026,0.036620691418647766,0.1700667651001204
MAIRA-2,teacher_training_151424.pth,mask_token,768,100.0,1.2527692709950333,0.11833782410962107,9.446098882648139,0.9971686600243224,1.0543369636967195,0.002762912452605922,0.004270148412812769,0.03175841271877289,8.692050553244845e-05
MAIRA-2,teacher_training_151424.pth,patch_embed,452352,99.99977893322014,6.17695560730687,0.1609928429839321,2.606346122894096,0.9998331168009518,0.9812437256560462,0.0001808848908623277,0.00023936922422095245,0.014747262001037598,0.00016087487546076696
MAIRA-2,teacher_training_151424.pth,blocks.0,7089408,100.0,111.46898223860731,16.791326954119004,15.063676564459852,0.9886295924570434,0.99756862180288,0.004926595425832134,0.006306378495361137,0.2087259292602539,1.7500284965859612
MAIRA-2,teacher_training_151424.pth,blocks.1,7089408,100.0,116.42292253287343,18.97955350586155,16.302247953363686,0.9868575265410249,1.008400658253114,0.00559841920419833,0.007128218538533084,0.17190015316009521,2.23587266885382
MAIRA-2,teacher_training_151424.pth,blocks.2,7089408,99.99998589444986,96.98545735183434,21.409913251674805,22.07538515182335,0.9761280136288846,1.0156015737825634,0.0063335348216942205,0.008040997408176162,0.17098760604858398,2.8451482422841883
MAIRA-2,teacher_training_151424.pth,blocks.3,7089408,100.0,378.16332552535573,24.502478229564392,6.479337517863431,0.9979094553020097,1.0025422134646542,0.007236149777080073,0.009202483056413493,0.23991060256958008,3.726448368967533
MAIRA-2,teacher_training_151424.pth,blocks.4,7089408,99.99998589444986,97.7252102776553,27.721684321994807,28.366973315516443,0.9619418353405845,1.0381035848394913,0.008198387088372998,0.010411531759289156,0.32332897186279297,4.769955328315975
MAIRA-2,teacher_training_151424.pth,blocks.5,7089408,100.0,102.32545247838267,31.26043053252049,30.550004691281075,0.95616697243759,1.0432620804758546,0.009251454649391618,0.0117405912829098,0.3419976234436035,6.065477476738367
MAIRA-2,teacher_training_151424.pth,blocks.6,7089408,100.0,111.01966624706883,35.25394718720854,31.754686695555908,0.952541956403497,1.0429421301992003,0.010446533623976434,0.013240450562691932,0.4618415832519531,7.714194479297705
MAIRA-2,teacher_training_151424.pth,blocks.7,7089408,100.0,123.03938445705931,39.39901547801274,32.02146666441019,0.9518940148664297,1.0448437231635723,0.01166417249463853,0.01479722863046213,0.6600809097290039,9.634869207691093
MAIRA-2,teacher_training_151424.pth,blocks.8,7089408,100.0,143.62109760476747,43.73759560984106,30.453461461632227,0.9562771761982042,1.0411734023635804,0.01293438018841642,0.016426684629891133,0.906611442565918,11.873667797883465
MAIRA-2,teacher_training_151424.pth,blocks.9,7089408,99.99998589444986,180.43202177444778,47.51753598280096,26.335422900820284,0.9668635929619923,1.0315215958067934,0.01398944416949128,0.01784633030452521,1.3464775085449219,14.01467106051703
MAIRA-2,teacher_training_151424.pth,blocks.10,7089408,100.0,255.93570620440488,50.52564685247306,19.7415388426187,0.980794541469197,1.0113030347658925,0.014845820410765676,0.018976097222410684,0.6869773864746094,15.845240993744682
MAIRA-2,teacher_training_151424.pth,blocks.11,7089408,100.0,282.9133229662922,55.66701080764996,19.67634829777261,0.9805740900255263,0.9961116015030712,0.016186129983488638,0.020907057602870597,1.007720947265625,19.234056477530654
MAIRA-2,teacher_training_151424.pth,norm,1536,100.0,66.00836867438613,4.397584407669351,6.662161928834016,0.9978444086466871,0.9863594609298968,0.09744953773285185,0.11220664478759701,0.35274912789463997,0.1200337716525307
MAIRA-2,teacher_training_227137.pth,cls_token,768,100.0,0.5704225177368745,0.06085055522201304,10.667628526208059,0.9944767388121516,1.0135506444365787,0.0013005287563604047,0.0021957552773604638,0.015404030680656433,1.9357270448266058e-05
MAIRA-2,teacher_training_227137.pth,pos_embed,1052160,100.0,15.548748812361511,5.678079297884458,36.517917720622584,0.9373603776585028,1.0469062998514693,0.004328972713122268,0.005535547220484023,0.050890326499938965,0.16854579975961972
MAIRA-2,teacher_training_227137.pth,mask_token,768,100.0,1.2527692709950333,0.12344989564304235,9.854160578586841,0.9957901579724707,1.0319631698141127,0.002960177759841661,0.004454614405058857,0.03722238540649414,7.967030533755048e-05
MAIRA-2,teacher_training_227137.pth,patch_embed,452352,100.0,6.17695560730687,0.23870505911448522,3.864445113254744,0.999724274696164,0.9690319463369961,0.0002682118803254351,0.0003549141922014114,0.021443605422973633,0.00029787789378713414
MAIRA-2,teacher_training_227137.pth,blocks.0,7089408,99.99998589444986,111.46898223860731,19.124493196478152,17.15678461613726,0.9851943797352722,0.9917892033432434,0.005586720394677626,0.007182654054590058,0.2824878692626953,1.9120308600058538
MAIRA-2,teacher_training_227137.pth,blocks.1,7089408,100.0,116.42292253287343,21.340750916867453,18.33036867017458,0.9832950166306264,1.0049590718621764,0.0062764891809027916,0.008015021863651906,0.22506213188171387,2.3808630832829745
MAIRA-2,teacher_training_227137.pth,blocks.2,7089408,99.99998589444986,96.98545735183434,23.953856216151202,24.698400018111734,0.9698769252077857,1.010648807626618,0.007070818000366337,0.008996435131974623,0.2243635654449463,2.999617675435213
MAIRA-2,teacher_training_227137.pth,blocks.3,7089408,100.0,378.16332552535573,27.264126270178526,7.209616699954283,0.997411108254579,1.0025856773819284,0.00803501853047818,0.010239685051388222,0.31649351119995117,3.8859588401016674
MAIRA-2,teacher_training_227137.pth,blocks.4,7089408,100.0,97.7252102776553,30.645208232077582,31.35854928836573,0.9531830368939124,1.0362117257272774,0.009045994989794389,0.011509530051359662,0.3975961208343506,4.9095329682084765
MAIRA-2,teacher_training_227137.pth,blocks.5,7089408,99.99998589444986,102.32545247838267,34.3477571831333,33.567168628342614,0.9467412940257117,1.041580941778316,0.010147830194974094,0.012900109553906474,0.4872441291809082,6.167537452409274
MAIRA-2,teacher_training_227137.pth,blocks.6,7089408,100.0,111.01966624706883,38.522942871549496,34.699206162103366,0.942991293152642,1.041154778164672,0.0113941849176028,0.01446819892001274,0.6311719417572021,7.758074407972494
MAIRA-2,teacher_training_227137.pth,blocks.7,7089408,100.0,123.03938445705931,42.83037457311128,34.81029652587303,0.9430085263717598,1.0451885402284766,0.012637335691879902,0.016085956392497814,0.9495296478271484,9.59000364848279
MAIRA-2,teacher_training_227137.pth,blocks.8,7089408,100.0,143.62109760476747,47.481404041487856,33.0601874190883,0.9485956000938615,1.0441529741471367,0.013966668226294618,0.017832760102580173,1.355130672454834,11.785883197060663
MAIRA-2,teacher_training_227137.pth,blocks.9,7089408,100.0,180.43202177444778,51.58395239035585,28.589133948096684,0.9611183222180073,1.0351607917431254,0.015047192898217456,0.01937356880424945,2.082489013671875,13.910548578544436
MAIRA-2,teacher_training_227137.pth,blocks.10,7089408,100.0,255.93570620440488,54.71828211915867,21.379698413576385,0.9774800457841689,1.0117785928637293,0.015955776650008767,0.02055074018880429,1.1794757843017578,15.65236388599385
MAIRA-2,teacher_training_227137.pth,blocks.11,7089408,100.0,282.9133229662922,59.88173535003928,21.166106538282012,0.977412448648986,0.9890529543509641,0.017277778244821913,0.022489996717249206,1.583783507347107,18.745791505699156
MAIRA-2,teacher_training_227137.pth,norm,1536,100.0,66.00836867438613,5.041098848157641,7.637060193117281,0.9971414824690378,0.9860237084166501,0.10663481301892726,0.1286262491762316,0.5066535472869873,0.13285119157398284
MAIRA-2,teacher_training_299999.pth,cls_token,768,100.0,0.5704225177368745,0.06744675287253311,11.823999013945848,0.9934716574886122,0.9623809916650966,0.0012828525963839432,0.0024337750579326973,0.026018992066383362,2.3087403810031028e-05
MAIRA-2,teacher_training_299999.pth,pos_embed,1052160,100.0,15.548748812361511,5.7938950132323095,37.26277325045002,0.9307978812489605,1.0031589396229161,0.004400066303922651,0.005648455710758372,0.06154733896255493,0.1703704418852328
MAIRA-2,teacher_training_299999.pth,mask_token,768,100.0,1.2527692709950333,0.1260617244929059,10.062645006672236,0.9950284244519383,0.9806323166329205,0.0030973519596096586,0.004548860660655478,0.03637949377298355,8.065280844281726e-05
MAIRA-2,teacher_training_299999.pth,patch_embed,452352,100.0,6.17695560730687,0.3388575588145359,5.485834452390966,0.9995944352984779,0.9527065579357026,0.0003818285599797092,0.0005038240798253164,0.028754711151123047,0.0005827568170357878
MAIRA-2,teacher_training_299999.pth,blocks.0,7089408,100.0,111.46898223860731,20.467718205816055,18.36180594347174,0.9829982005840932,0.984024895347212,0.005941823192140951,0.007687133857554164,0.3627619743347168,2.1261400344270225
MAIRA-2,teacher_training_299999.pth,blocks.1,7089408,100.0,116.42292253287343,22.498429237580353,19.32474185333017,0.9813060630503752,0.9988033242421158,0.006591523003745395,0.00844981523562533,0.27146482467651367,2.5689603626958006
MAIRA-2,teacher_training_299999.pth,blocks.2,7089408,100.0,96.98545735183434,25.01176612797436,25.789192329360393,0.9667763426994606,1.0009046433225348,0.0073590590883944405,0.009393758127124473,0.259779691696167,3.174985347095444
MAIRA-2,teacher_training_299999.pth,blocks.3,7089408,99.99998589444986,378.16332552535573,28.209601364033013,7.4596343590017336,0.997226402380041,1.0022375979299571,0.008288713243081565,0.010594780501323516,0.38716745376586914,4.038749387515976
MAIRA-2,teacher_training_299999.pth,blocks.4,7089408,100.0,97.7252102776553,31.448175290280947,32.18020733946839,0.9498903857503384,1.0263646911217739,0.009259632024989384,0.011811103250557889,0.5023751258850098,5.01930873917117
MAIRA-2,teacher_training_299999.pth,blocks.5,7089408,99.99998589444986,102.32545247838267,35.011755924619365,34.21607730688117,0.9437389675272726,1.031586753250584,0.010317693168620932,0.013149489927220412,0.6384055614471436,6.221294947609593
MAIRA-2,teacher_training_299999.pth,blocks.6,7089408,99.99997178889973,111.01966624706883,39.04277101875442,35.16743685021233,0.940490336273809,1.031027257393258,0.011517142558057768,0.014663432629520872,0.7363498210906982,7.7363173104451475
MAIRA-2,teacher_training_299999.pth,blocks.7,7089408,100.0,123.03938445705931,43.21485817525797,35.1227847619312,0.9411956846568554,1.0371660850935573,0.01268188614623893,0.016230358268955948,1.2078580856323242,9.478054270053313
MAIRA-2,teacher_training_299999.pth,blocks.8,7089408,100.0,143.62109760476747,47.797190992758175,33.28006246289233,0.9475469644209762,1.0402912663311645,0.013946394512311605,0.01795136133308735,1.6586809158325195,11.594652988397437
MAIRA-2,teacher_training_299999.pth,blocks.9,7089408,100.0,180.43202177444778,52.22003904814435,28.941669297162193,0.9602040164182435,1.036057660472808,0.01499777332168845,0.01961246613683218,2.8119125366210938,13.83972279567706
MAIRA-2,teacher_training_299999.pth,blocks.10,7089408,100.0,255.93570620440488,55.25548555980386,21.589596222917667,0.9770799302788177,1.0130834948318044,0.015925129566377216,0.02075249959918178,1.7043495178222656,15.495436201367484
MAIRA-2,teacher_training_299999.pth,blocks.11,7089408,100.0,282.9133229662922,60.17891157642875,21.2711479775729,0.977124018990201,0.9813099616490251,0.017133882548725672,0.022601608251498765,2.4317614436149597,18.37983736692904
MAIRA-2,teacher_training_299999.pth,norm,1536,100.0,66.00836867438613,5.534971447038915,8.385257139655238,0.9965099135488328,0.9885562017791194,0.11317445426426313,0.14122766443874568,0.7063150405883789,0.1554833097009639
MAIRA-2,teacher_training_378562.pth,cls_token,768,100.0,0.5704225177368745,0.08987132461652635,15.755220353692692,0.9920729178737866,0.8970393910637683,0.001473704032973977,0.003242952091236233,0.03817512094974518,4.2244793945348265e-05
MAIRA-2,teacher_training_378562.pth,pos_embed,1052160,100.0,15.548748812361511,5.8212997075839015,37.439023408467904,0.9273280698271621,0.9375943479916312,0.004380437099644695,0.005675172487979622,0.07671453058719635,0.17724370888136431
MAIRA-2,teacher_training_378562.pth,mask_token,768,100.0,1.2527692709950333,0.17194776200465814,13.725413448885579,0.9946250068102527,0.9045272731729405,0.0039117771956564224,0.006204630417496443,0.038018256425857544,0.00015464075654320327
MAIRA-2,teacher_training_378562.pth,patch_embed,452352,100.0,6.17695560730687,0.4603850829920128,7.453268442587027,0.9994034720066696,0.9333548466862881,0.0005203310572565189,0.0006845150263586292,0.03681337833404541,0.0011085962305533554
MAIRA-2,teacher_training_378562.pth,blocks.0,7089408,99.99997178889973,111.46898223860731,21.4891530223004,19.278145893806883,0.9812597152596524,0.9753166771691889,0.006192746941002442,0.008070757771178801,0.40304994583129883,2.4152912465670124
MAIRA-2,teacher_training_378562.pth,blocks.1,7089408,100.0,116.42292253287343,23.2092635435495,19.935304009393924,0.9799866140177929,0.9907289717084561,0.006765905672106691,0.008716785808777628,0.31517720222473145,2.817433216797028
MAIRA-2,teacher_training_378562.pth,blocks.2,7089408,100.0,96.98545735183434,25.453935724919507,26.245105627104703,0.9652165221692685,0.9880964611186258,0.007455481348464374,0.009559825338196992,0.2840845584869385,3.388759879460239
MAIRA-2,teacher_training_378562.pth,blocks.3,7089408,100.0,378.16332552535573,28.380335391022005,7.504782583449943,0.9971893685053748,1.0015267435909303,0.00830864001825389,0.010658903688202779,0.43854236602783203,4.212752621649361
MAIRA-2,teacher_training_378562.pth,blocks.4,7089408,100.0,97.7252102776553,31.32454295302758,32.05369716169328,0.9493494633161011,1.0126610236500826,0.009193249483540248,0.011764670213126348,0.575066089630127,5.132162471337435
MAIRA-2,teacher_training_378562.pth,blocks.5,7089408,100.0,102.32545247838267,34.55602681560066,33.770705116501674,0.9440925066129974,1.0172820786119094,0.010149500867536139,0.012978330121882894,0.7593145370483398,6.2456625408374356
MAIRA-2,teacher_training_378562.pth,blocks.6,7089408,100.0,111.01966624706883,38.29365208252456,34.492674475623005,0.9416509588618664,1.017023285173331,0.011257000704690679,0.014382083361364973,0.8096351623535156,7.66980786841281
MAIRA-2,teacher_training_378562.pth,blocks.7,7089408,100.0,123.03938445705931,42.15527320347426,34.26160931273712,0.9430899521656358,1.0255790129291373,0.012301352795302605,0.015832406165568108,1.3739051818847656,9.294686092181394
MAIRA-2,teacher_training_378562.pth,blocks.8,7089408,100.0,143.62109760476747,46.56814826668381,32.42430885386715,0.9497067076983876,1.0338281146790547,0.013448855735412631,0.01748976537710519,1.9599800109863281,11.342501582037904
MAIRA-2,teacher_training_378562.pth,blocks.9,7089408,99.99998589444986,180.43202177444778,51.2450895789551,28.40132758863331,0.9616779720255995,1.0357594323173356,0.01441756809186327,0.01924630089072871,3.3947811126708984,13.735213793507794
MAIRA-2,teacher_training_378562.pth,blocks.10,7089408,100.0,255.93570620440488,54.24220149564277,21.19368270260885,0.9779323724903127,1.0135546101294317,0.015402997760357176,0.020371936892650117,2.0870113372802734,15.388827299217832
MAIRA-2,teacher_training_378562.pth,blocks.11,7089408,100.0,282.9133229662922,58.65552773806563,20.732684881388266,0.9782815418679967,0.9739000582471721,0.016438879336816925,0.022029465555172,3.1081434302031994,17.99487373508192
MAIRA-2,teacher_training_378562.pth,norm,1536,100.0,66.00836867438613,5.922800311613266,8.97280213184779,0.9959719998595696,0.9926041646499759,0.11759936175257242,0.15112331887343447,0.861940860748291,0.18347846224942962
DINOv3,spine_dinov3_vitb16_teacher_20000.pth,cls_token,768,100.0,1.4565668438567136,0.20060426211185756,13.77240344018098,0.9904706685562383,0.9907050233141841,0.005640913967328724,0.0072386827956792,0.02331364154815674,0.00022773384735704245
DINOv3,spine_dinov3_vitb16_teacher_20000.pth,storage_tokens,3072,100.0,3.141872024543273,0.41303876054852895,13.146263034331307,0.9917696769978985,0.9619449324173011,0.005731319267191282,0.00745212623713883,0.05026087164878845,0.0009654480037718627
DINOv3,spine_dinov3_vitb16_teacher_20000.pth,mask_token,768,100.0,0.0,0.12837513213462157,,,,0.0031870579298304696,0.004632338568448596,0.021223289892077446,9.326293497385447e-05
DINOv3,spine_dinov3_vitb16_teacher_20000.pth,patch_embed,590592,100.0,21.62805861573687,0.4255915534389765,1.9677751064041886,0.9998892535153471,0.9870155134831515,0.0004260748587467606,0.0005537952420511207,0.011363387107849121,0.0010250221999918902
DINOv3,spine_dinov3_vitb16_teacher_20000.pth,blocks.0,7089408,99.96750081247968,199.79515843910968,20.795589345500066,10.408455093689273,0.9962426424500483,0.9385105337098558,0.005737402246206418,0.007810273589762496,0.14026713371276855,2.4473142376822445
DINOv3,spine_dinov3_vitb16_teacher_20000.pth,blocks.1,7089408,99.96750081247968,187.3481152666146,22.319554191735275,11.913412718335797,0.9947850248648744,0.9332205387129591,0.006486117031578051,0.008382634497286039,0.17531859874725342,2.819150770381255
DINOv3,spine_dinov3_vitb16_teacher_20000.pth,blocks.2,7089408,99.96748670692955,213.65361204784557,25.101797190328515,11.748828840163592,0.9946773577494381,0.9382278765210886,0.007169590093506085,0.009427571414013361,0.17728078365325928,3.5657993711310434
DINOv3,spine_dinov3_vitb16_teacher_20000.pth,blocks.3,7089408,99.96748670692955,177.1409536207233,27.017763184768555,15.252126982796039,0.9916221853892723,0.9105216532940412,0.007963991898140548,0.010147157589554772,0.2322458028793335,4.130913039701011
DINOv3,spine_dinov3_vitb16_teacher_20000.pth,blocks.4,7089408,99.96747260137941,178.85471508270385,30.107393486618975,16.833435714958412,0.9894756776742585,0.9034607225449519,0.008908454925417955,0.011307541051055175,0.2478572130203247,5.129719151799246
DINOv3,spine_dinov3_vitb16_teacher_20000.pth,blocks.5,7089408,99.96750081247968,186.00014174045603,33.22405204511621,17.862379960697524,0.9875432617606328,0.9029964957972789,0.009846500692744009,0.012478075611212062,0.18858307600021362,6.246726161372091
DINOv3,spine_dinov3_vitb16_teacher_20000.pth,blocks.6,7089408,99.96750081247968,200.55410024235297,36.7139461780114,18.306255585722578,0.9863354882489378,0.9065257473882494,0.010870762272415055,0.01378878758596629,0.19522106647491455,7.627977531059738
DINOv3,spine_dinov3_vitb16_teacher_20000.pth,blocks.7,7089408,99.96750081247968,214.60274080452552,40.241226162303064,18.751496840833664,0.9850507476090778,0.9109775490661324,0.01192964927371796,0.015113540698143533,0.2642306089401245,9.164097095067323
DINOv3,spine_dinov3_vitb16_teacher_20000.pth,blocks.8,7089408,99.96750081247968,271.95484760426564,44.347016958216926,16.306757297721852,0.9878615227508204,0.938248807765147,0.013150986822777058,0.016655567177203384,0.24575179815292358,11.129511310793648
DINOv3,spine_dinov3_vitb16_teacher_20000.pth,blocks.9,7089408,99.96748670692955,374.4880528944984,48.429463588471585,12.932178533907793,0.9920199733217885,0.9632493001866619,0.014344320950209977,0.01818882620478619,0.2671712040901184,13.272923424569521
DINOv3,spine_dinov3_vitb16_teacher_20000.pth,blocks.10,7089408,99.96747260137941,469.1642780006304,52.780370913842994,11.249869904582138,0.993854608490375,0.9737812404481395,0.015600666234524668,0.019822911972218686,0.23692429065704346,15.764933643461935
DINOv3,spine_dinov3_vitb16_teacher_20000.pth,blocks.11,7089408,99.96748670692955,625.9900761291316,57.47483406484987,9.181428948562715,0.9958518715814016,0.9835712410629532,0.01699837303294645,0.0215860282252503,0.2793130874633789,18.694020882210193
DINOv3,spine_dinov3_vitb16_teacher_20000.pth,norm,1536,100.0,32.16950787691045,0.9017696267284497,2.803181292604391,0.999610146092692,0.9971148089664281,0.01638156898405896,0.023009119281507843,0.16588306427001953,0.00460191378463756
DINOv3,teacher_training_75712.pth,cls_token,768,100.0,1.4565668438567136,0.5474483444548116,37.58484183295508,0.9377225726629473,1.081199598149404,0.015146766563098879,0.019754340564900028,0.08800459816120565,0.00018641182725777472
DINOv3,teacher_training_75712.pth,storage_tokens,3072,100.0,3.141872024543273,1.4314128788007672,45.55923562828274,0.9177300569455688,1.1408731781137007,0.018610796637608118,0.025825831590535003,0.1400398351252079,0.0012744330066130484
DINOv3,teacher_training_75712.pth,mask_token,768,100.0,0.0,0.5846552736237396,,,,0.013449862895910178,0.02109692997561252,0.10318246483802795,0.00021261157898502445
DINOv3,teacher_training_75712.pth,patch_embed,590592,100.0,21.62805861573687,1.4760113720844639,6.8245208611118615,0.9980295898507576,0.9711880042782425,0.0014550964543899383,0.0019206397976385748,0.0626974105834961,0.001355085122479315
DINOv3,teacher_training_75712.pth,blocks.0,7089408,99.96750081247968,199.79515843910968,67.24219564561022,33.65556811833516,0.9449337004219031,0.8663880147999643,0.018711739525460364,0.025254391017400783,0.37272024154663086,2.812360191215859
DINOv3,teacher_training_75712.pth,blocks.1,7089408,99.96748670692955,187.3481152666146,71.09223657979553,37.94659822364605,0.9271289652376914,0.8674418656483,0.020672332732236825,0.02670036460959805,0.4568014144897461,3.1436307261320953
DINOv3,teacher_training_75712.pth,blocks.2,7089408,99.96747260137941,213.65361204784557,77.67784578014714,36.35690734905618,0.9328160689917301,0.88456371394071,0.0224382558300017,0.029173745322952693,0.49431920051574707,3.7530255049561996
DINOv3,teacher_training_75712.pth,blocks.3,7089408,99.96750081247968,177.1409536207233,85.81317634938532,48.4434426909093,0.8751028522229408,0.8531548239864996,0.02534003701067576,0.03222916041281922,0.5002729892730713,4.58031266464735
DINOv3,teacher_training_75712.pth,blocks.4,7089408,99.96750081247968,178.85471508270385,94.30518964425406,52.727259441075724,0.8497593710793049,0.8601216851908631,0.0279403733640072,0.03541853610489006,0.8318252563476562,5.5316966439625554
DINOv3,teacher_training_75712.pth,blocks.5,7089408,99.96750081247968,186.00014174045603,104.14391370095097,55.99130878420138,0.830040041811814,0.8797304528358404,0.03091467306502973,0.039113700756408284,0.5860975086688995,6.746133926200746
DINOv3,teacher_training_75712.pth,blocks.6,7089408,99.96750081247968,200.55410024235297,114.48219677946203,57.08295000756395,0.8244782080463683,0.8993823714817533,0.03396887409411212,0.04299648656978826,0.5763046443462372,8.151979500791597
DINOv3,teacher_training_75712.pth,blocks.7,7089408,99.96750081247968,214.60274080452552,124.79950663677724,58.15373381016272,0.8196030949878956,0.9192771082514527,0.03705362892996494,0.0468713953957515,0.6020975112915039,9.687526577520563
DINOv3,teacher_training_75712.pth,blocks.8,7089408,99.96750081247968,271.95484760426564,134.98964122420287,49.63678434613995,0.8717135134518015,0.9508683336272308,0.040051371740546834,0.05069854055244877,0.7207226753234863,11.3341265183491
DINOv3,teacher_training_75712.pth,blocks.9,7089408,99.96748670692955,374.4880528944984,144.73141341394125,38.64780526248598,0.9235873999575727,0.9723620913568316,0.042882505350690756,0.05435729264583247,0.6132450103759766,13.029050780438526
DINOv3,teacher_training_75712.pth,blocks.10,7089408,99.96750081247968,469.1642780006304,154.65083123742926,32.96304482013898,0.9447177013475303,0.9785964206387123,0.045742105529411235,0.058082763742874126,0.7349219527095556,14.876188998657398
DINOv3,teacher_training_75712.pth,blocks.11,7089408,99.96750081247968,625.9900761291316,161.9783643028253,25.87554826818242,0.9659711550719152,0.973365223564502,0.04761610972593473,0.06083479144586192,1.030934328213334,16.319287296465106
DINOv3,teacher_training_75712.pth,norm,1536,100.0,32.16950787691045,7.133585639766314,22.174991507676804,0.9751035921954169,0.9749027216916188,0.13225009928186893,0.18201713389451,0.921553373336792,0.031652129127558104
DINOv3,teacher_training_151424.pth,cls_token,768,100.0,1.4565668438567136,0.5772783592441584,39.63280927881308,0.9181373458132169,0.9253583505920373,0.01594308212642659,0.020830738506685022,0.07846900820732117,0.00013035655115289647
DINOv3,teacher_training_151424.pth,storage_tokens,3072,100.0,3.141872024543273,1.4534662472554305,46.26115372941448,0.8907148826497449,0.9766359895525348,0.01932963523953853,0.026223722784717438,0.20525449514389038,0.0008263655605923746
DINOv3,teacher_training_151424.pth,mask_token,768,100.0,0.0,0.6740778921102518,,,,0.015962637625894633,0.02432369077903934,0.123701311647892,0.00017773889461782317
DINOv3,teacher_training_151424.pth,patch_embed,590592,100.0,21.62805861573687,2.591676666875643,11.98293713236889,0.9952756533302873,0.9250424393652357,0.002571365230367954,0.0033723841449697215,0.060842037200927734,0.002627386384264851
DINOv3,teacher_training_151424.pth,blocks.0,7089408,99.96750081247968,199.79515843910968,99.65056255698383,49.876365040824396,0.8752139634809672,0.7537040427311744,0.02668950776538402,0.03742611685646703,0.7450358271598816,3.8843809628784225
DINOv3,teacher_training_151424.pth,blocks.1,7089408,99.96750081247968,187.3481152666146,102.0532892353097,54.47254651592195,0.8440063119050197,0.7487567086069403,0.02910595574903954,0.038328517476491165,0.8200464248657227,4.07395587778033
DINOv3,teacher_training_151424.pth,blocks.2,7089408,99.96750081247968,213.65361204784557,111.44270734969335,52.16046023351895,0.8563969296108699,0.7823222225633482,0.03121934789917981,0.04185493469427858,0.8951205313205719,4.8580906662439896
DINOv3,teacher_training_151424.pth,blocks.3,7089408,99.96750081247968,177.1409536207233,119.26784097967558,67.32934340809753,0.7396237706960951,0.7204568576618441,0.03482246031550697,0.04479384801436862,0.8935636281967163,5.5642805981829255
DINOv3,teacher_training_151424.pth,blocks.4,7089408,99.96750081247968,178.85471508270385,127.351321987399,71.20378231488655,0.7029191570933896,0.7359827776370694,0.03740635709292713,0.04782978977966562,1.3889311850070953,6.344088351978034
DINOv3,teacher_training_151424.pth,blocks.5,7089408,99.96750081247968,186.00014174045603,136.48163321939074,73.37716624422617,0.6847831875393122,0.7705087178076138,0.04022447612833686,0.05125889330237813,0.89278244972229,7.286361752212024
DINOv3,teacher_training_151424.pth,blocks.6,7089408,99.96750081247968,200.55410024235297,146.59212908317204,73.0935587485011,0.6926757491893248,0.8112781377278799,0.04315677141716796,0.055056128259865944,1.005096435546875,8.40588825821323
DINOv3,teacher_training_151424.pth,blocks.7,7089408,99.96750081247968,214.60274080452552,155.76838383471795,72.5845267636177,0.702881930892893,0.8474307507620112,0.04594957165542158,0.058502486953924314,1.0638561248779297,9.491195854745527
DINOv3,teacher_training_151424.pth,blocks.8,7089408,99.96750081247968,271.95484760426564,165.59887321901306,60.89204685183027,0.8010358096345963,0.9125817880358921,0.04877913348948838,0.062194558880186636,1.1999015808105469,10.726969906957814
DINOv3,teacher_training_151424.pth,blocks.9,7089408,99.96750081247968,374.4880528944984,174.88240355729036,46.69906081264456,0.8869071848376792,0.9553511954960641,0.05141153255030337,0.06568120744860029,0.9183311462402344,11.963397542124216
DINOv3,teacher_training_151424.pth,blocks.10,7089408,99.96750081247968,469.1642780006304,183.5904806854322,39.13138516594085,0.9214361906682473,0.9680321558769707,0.053834808610029726,0.06895173100441662,0.9964227676391602,13.184468450959923
DINOv3,teacher_training_151424.pth,blocks.11,7089408,99.96750081247968,625.9900761291316,190.33988664827007,30.406214715935214,0.9526526169647931,0.9535458946508386,0.05563903207926118,0.07148662945150223,1.556445837020874,14.171699019769413
DINOv3,teacher_training_151424.pth,norm,1536,100.0,32.16950787691045,10.295282408165605,32.00323252552771,0.9491332630867471,1.0063577360506448,0.19259565218820285,0.26268946518601816,1.0930674076080322,0.04146091056354041
DINOv3,teacher_training_227137.pth,cls_token,768,100.0,1.4565668438567136,0.759307095396909,52.12991759351101,0.8597711627800135,0.7550845677512256,0.020746900907549087,0.02739913474531239,0.14857390522956848,0.00019221515555355263
DINOv3,teacher_training_227137.pth,storage_tokens,3072,100.0,3.141872024543273,1.6244942940845846,51.70466146916769,0.8666865928127876,0.730734939915289,0.021243907346771174,0.029309444312085813,0.28569285571575165,0.0008798104004116063
DINOv3,teacher_training_227137.pth,mask_token,768,100.0,0.0,0.6443076922557797,,,,0.01600859352488415,0.02324945122280131,0.11741939187049866,0.00013840103684610792
DINOv3,teacher_training_227137.pth,patch_embed,590592,100.0,21.62805861573687,4.058087591228156,18.76306913777012,0.9910393348129938,0.8592658947977337,0.003956003930317333,0.005280531490085323,0.03573578596115112,0.005490293285048637
DINOv3,teacher_training_227137.pth,blocks.0,7089408,99.96750081247968,199.79515843910968,126.22990851874945,63.17966336367443,0.785409629779139,0.6587791720506505,0.0325939493242034,0.047408616527401304,1.0100094676017761,5.3122345975432355
DINOv3,teacher_training_227137.pth,blocks.1,7089408,99.96750081247968,187.3481152666146,125.57335360328669,67.02675040236385,0.7485406664103208,0.6507058248655752,0.03517474461959941,0.04716203185835093,1.0973162353038788,5.257117654748967
DINOv3,teacher_training_227137.pth,blocks.2,7089408,99.96750081247968,213.65361204784557,136.09751995398938,63.70007913721193,0.7744141200863902,0.7003382292859138,0.037133531556510876,0.051114630514611036,1.1847949922084808,6.175229941538983
DINOv3,teacher_training_227137.pth,blocks.3,7089408,99.96750081247968,177.1409536207233,140.10466175333528,79.09219121249258,0.6119174819721106,0.6112276831339559,0.04044838604055312,0.052619607038521705,1.203812062740326,6.54421988223259
DINOv3,teacher_training_227137.pth,blocks.4,7089408,99.96750081247968,178.85471508270385,145.6500006715648,81.43481182713863,0.5825927687249245,0.6333588194155292,0.04241943871314702,0.054702289735307226,1.7143600136041641,7.0725119995003505
DINOv3,teacher_training_227137.pth,blocks.5,7089408,99.96750081247968,186.00014174045603,151.83208739218543,81.63009230608621,0.58527957498915,0.6796160890730156,0.044418912757646346,0.05702411807310968,1.26422119140625,7.6856364354150495
DINOv3,teacher_training_227137.pth,blocks.6,7089408,99.96750081247968,200.55410024235297,159.47766492543786,79.51852628927675,0.6183974599138022,0.7397853536663599,0.04657348827535115,0.05989559487015291,1.5368382930755615,8.479152518977651
DINOv3,teacher_training_227137.pth,blocks.7,7089408,99.96750081247968,214.60274080452552,165.1602608445232,76.9609280036932,0.6522184863445475,0.7852124630823586,0.04837836127420667,0.062029827667826824,1.358889102935791,9.094185975301048
DINOv3,teacher_training_227137.pth,blocks.8,7089408,99.96750081247968,271.95484760426564,172.6953809623302,63.501490222975335,0.7793751869502783,0.8826689819606497,0.05045513402450972,0.06485981957976707,1.6622061729431152,9.942924794946176
DINOv3,teacher_training_227137.pth,blocks.9,7089408,99.96750081247968,374.4880528944984,179.71221741452445,47.98877187816545,0.8795849938848707,0.9425292875492534,0.052269159346935865,0.06749515784865409,1.1793849021196365,10.767327349784484
DINOv3,teacher_training_227137.pth,blocks.10,7089408,99.96750081247968,469.1642780006304,186.05278468605633,39.65621284700757,0.9189404327560396,0.9603293284960157,0.05387338994693384,0.06987650729166345,1.6044120788574219,11.540511555266182
DINOv3,teacher_training_227137.pth,blocks.11,7089408,99.96748670692955,625.9900761291316,190.26357227659867,30.39402372847687,0.9529260306502273,0.9317673980970763,0.054697878705733234,0.07145796779100866,2.5199167728424072,12.0687976033024
DINOv3,teacher_training_227137.pth,norm,1536,100.0,32.16950787691045,12.661737951180273,39.35943937851841,0.9309813819373288,1.078096576030479,0.23626161328930095,0.3230708045544226,1.4277541041374207,0.05344897156504727
DINOv3,teacher_training_302849.pth,cls_token,768,100.0,1.4565668438567136,0.9425159245479108,64.70804470959305,0.7826541144446134,0.6058475312217277,0.025294744905276723,0.03401011392207783,0.21788613498210907,0.00027679818249369597
DINOv3,teacher_training_302849.pth,storage_tokens,3072,100.0,3.141872024543273,1.9680354089961607,62.638942440128496,0.8301533566357828,0.544639247465272,0.025153531637406523,0.03550768041120777,0.3445749431848526,0.0012068454482818023
DINOv3,teacher_training_302849.pth,mask_token,768,100.0,0.0,0.5064796374390161,,,,0.012642136490520409,0.018276009688405002,0.09038403630256653,7.993000129706885e-05
DINOv3,teacher_training_302849.pth,patch_embed,590592,100.0,21.62805861573687,5.834327088119916,26.975731811059454,0.9838187486504748,0.7821548181363468,0.00561228705072124,0.007591839066970721,0.05239580571651459,0.010606384991866086
DINOv3,teacher_training_302849.pth,blocks.0,7089408,99.96750081247968,199.79515843910968,144.93278729002955,72.54069038624867,0.6942165296362386,0.6039293977095824,0.0365241122123267,0.054432923350014505,1.3059684932231903,6.545142851217959
DINOv3,teacher_training_302849.pth,blocks.1,7089408,99.96750081247968,187.3481152666146,141.0742872058935,75.300617252077,0.6618145275434609,0.5909854041410485,0.039026429170903945,0.05298377272472842,1.3174533545970917,6.201283269520476
DINOv3,teacher_training_302849.pth,blocks.2,7089408,99.96750081247968,213.65361204784557,151.37546734316533,70.85088143010955,0.7080260717772439,0.6507054100691039,0.04056531855849529,0.05685262365426121,1.3865944594144821,7.139977359883537
DINOv3,teacher_training_302849.pth,blocks.3,7089408,99.96750081247968,177.1409536207233,150.92436446861709,85.20015354086972,0.5239412691728493,0.5444612565323458,0.04323616533779089,0.05668320134028806,1.381572663784027,7.097486126164976
DINOv3,teacher_training_302849.pth,blocks.4,7089408,99.96750081247968,178.85471508270385,154.02114299444798,86.11522649723122,0.5118746011326571,0.5718648566051946,0.04459449469926951,0.05784626948573951,1.8404992260038853,7.391737315662047
DINOv3,teacher_training_302849.pth,blocks.5,7089408,99.96750081247968,186.00014174045603,157.7599428898797,84.8171089622165,0.5374088617266262,0.6279764162544952,0.04590442939400679,0.05925046388463573,1.6640520095825195,7.754955704736242
DINOv3,teacher_training_302849.pth,blocks.6,7089408,99.96750081247968,200.55410024235297,163.15169269419238,81.35046478582943,0.5916679876406701,0.7005753780501717,0.047364018017566546,0.0612754625706356,2.0503947734832764,8.294095061305006
DINOv3,teacher_training_302849.pth,blocks.7,7089408,99.96750081247968,214.60274080452552,166.40072670848696,77.53895690458856,0.6409599942633968,0.7507720975639808,0.04844666933174943,0.06249571385240925,1.6861233711242676,8.627724683089989
DINOv3,teacher_training_302849.pth,blocks.8,7089408,99.96750081247968,271.95484760426564,172.39075749357286,63.389477706397365,0.7786311098606439,0.8685699425849063,0.04995704328208595,0.06474541105816525,2.1330714225769043,9.260059915709729
DINOv3,teacher_training_302849.pth,blocks.9,7089408,99.96750081247968,374.4880528944984,178.38883876454256,47.63538846853377,0.880978024642031,0.9360716119003221,0.051268543382354384,0.06699813181359028,1.953122615814209,9.915650202710571
DINOv3,teacher_training_302849.pth,blocks.10,7089408,99.96750081247968,469.1642780006304,183.76535568391986,39.168658890025924,0.9207252446836565,0.9546864007608532,0.05243138495904078,0.06901740943071684,2.401081085205078,10.522359118549925
DINOv3,teacher_training_302849.pth,blocks.11,7089408,99.96750081247968,625.9900761291316,189.1860155658044,30.22188733975687,0.9543878391942204,0.9075648209285352,0.05276016982135252,0.07105326597756335,3.499894857406616,11.15228609526506
DINOv3,teacher_training_302849.pth,norm,1536,100.0,32.16950787691045,16.523470245408006,51.363764433796845,0.909139720440844,1.2097368943535634,0.2956737589240735,0.42160490501364534,2.0485482215881348,0.08507233756054915
DINOv3,teacher_training_378562.pth,cls_token,768,100.0,1.4565668438567136,1.0413727997715894,71.49502298255197,0.7433563433571992,0.49090340846249525,0.027324295822786244,0.037577304142180086,0.27188853919506073,0.0003265545923830075
DINOv3,teacher_training_378562.pth,storage_tokens,3072,100.0,3.141872024543273,2.211162541838975,70.3772312992413,0.7882804024527752,0.44669372029757165,0.02757736894112302,0.039894227773523416,0.3788696750998497,0.001472260543213314
DINOv3,teacher_training_378562.pth,mask_token,768,100.0,0.0,0.3913814208210308,,,,0.009759092283492032,0.01412276054167752,0.07268525660037994,4.612578251230251e-05
DINOv3,teacher_training_378562.pth,patch_embed,590592,100.0,21.62805861573687,7.627754540083235,35.26786511727491,0.9725121291056092,0.7076308873187386,0.0073010608741860385,0.009925512237492327,0.07157421112060547,0.017520106993749868
DINOv3,teacher_training_378562.pth,blocks.0,7089408,99.96750081247968,199.79515843910968,155.0337804475497,77.596365026432,0.6330592946698079,0.5793596010080865,0.038583502619611215,0.05822658934225159,1.4596771597862244,7.2376238840123595
DINOv3,teacher_training_378562.pth,blocks.1,7089408,99.96750081247968,187.3481152666146,149.21826790293548,79.64759490138631,0.6063693037423783,0.5610077574884147,0.040966458858762905,0.05604243657391653,1.5326135158538818,6.7048231143408366
DINOv3,teacher_training_378562.pth,blocks.2,7089408,99.96750081247968,213.65361204784557,158.93101213628418,74.38723390302111,0.6698308572293139,0.6248927434411865,0.04213388352726871,0.059690286534285965,1.5156970024108887,7.606075538421311
DINOv3,teacher_training_378562.pth,blocks.3,7089408,99.96750081247968,177.1409536207233,155.27880354760117,87.65833104865676,0.48208529866118044,0.5104496320541885,0.044281463124961236,0.058318613541009284,1.5037275850772858,7.260519364067341
DINOv3,teacher_training_378562.pth,blocks.4,7089408,99.96750081247968,178.85471508270385,156.86316943541277,87.70424048528885,0.4838819759275538,0.5417192177159722,0.04524911176940693,0.05891365948293991,1.970258355140686,7.409438665488433
DINOv3,teacher_training_378562.pth,blocks.5,7089408,99.96750081247968,186.00014174045603,159.29773200842754,85.6438766754872,0.5225611014754952,0.6035392835734448,0.04617453879257179,0.05982801682337066,2.0052690505981445,7.641216786781594
DINOv3,teacher_training_378562.pth,blocks.6,7089408,99.96750081247968,200.55410024235297,163.6465763073506,81.59722294861952,0.5862433044244693,0.6836696421119378,0.04727620420450783,0.06146132777260894,2.5047965049743652,8.064123743883162
DINOv3,teacher_training_378562.pth,blocks.7,7089408,99.96750081247968,214.60274080452552,165.87983971899888,77.29623540553627,0.6413071435960289,0.7348253408311423,0.048016160583354325,0.06230008246973194,2.0701427459716797,8.285725665278246
DINOv3,teacher_training_378562.pth,blocks.8,7089408,99.96750081247968,271.95484760426564,171.46512982171328,63.04911691488593,0.780535632764498,0.862724369156846,0.04927468638401157,0.06439776977522933,2.551403522491455,8.853091669313352
DINOv3,teacher_training_378562.pth,blocks.9,7089408,99.96750081247968,374.4880528944984,177.5356863722341,47.407570148105584,0.8818679439022314,0.9312525692131968,0.05040020493972771,0.06667771032964079,2.591370105743408,9.4910587766116
DINOv3,teacher_training_378562.pth,blocks.10,7089408,99.96750081247968,469.1642780006304,183.0272151272727,39.01132795259974,0.9211861612262066,0.9489767081298556,0.05140494086351525,0.06874018335169921,3.6661109924316406,10.087294012135997
DINOv3,teacher_training_378562.pth,blocks.11,7089408,99.96750081247968,625.9900761291316,192.7995833834641,30.799143746121093,0.9540698867109657,0.8825990935287297,0.05158521012433501,0.07241042651878121,4.38475227355957,11.193232327862393
DINOv3,teacher_training_378562.pth,norm,1536,100.0,32.16950787691045,22.05036509077783,68.54430342903815,0.8857878103695395,1.3902203611198543,0.37218327054266115,0.5626264907758808,2.7546284198760986,0.14641140389149832
